{
    "definitions": {},
    "$schema": "http://json-schema.org/draft-04/schema#",
    "type": "object",
    "title": "register Validation",
    "required": ["email_id","password","phone_num"],
    "properties": {
      "email_id":{
        "type": "string",
        "title": "emailid schema",
        "pattern": "^[a-zA-Z0-9.!#$%&'*+/=?^_`{|}~-]+@[a-zA-Z0-9-]+(?:.[a-zA-Z0-9-]+)*$"
      },
      "password":{
          "type": "string",
          "minLength": 8,
          "title": "password schema"
      },
      "phone_num":{
        "type": "string",
        "title": "phone number schema",
        "pattern": "[0-9]+$"
      }
    }
  }